{
  "Author": "That one kid",
  "Compatibility": "Compatible",
  "DefuserDifficulty": "Medium",
  "Description": "Turn a display into a modified number into the original number into a widget. Tags: math, backwards, widgets, buttons, display, symbol",
  "ExpertDifficulty": "Medium",
  "ModuleID": "inverse",
  "Name": "Inverse",
  "Origin": "Mods",
  "Published": "2022-03-02",
  "SortKey": "INVERSE",
  "SourceUrl": "https://github.com/Kbushra/ktaneInverse",
  "SteamID": "2770783784",
  "Symbol": "Inv",
  "Type": "Regular"
}